{"cameraMode":{"drawMode":0,"name":"Shaded","section":"Shading Mode"},"sceneLighting":true,"audioPlay":false,"sceneViewState":{"showFog":true,"showMaterialUpdate":true,"showSkybox":true,"showFlares":true,"showImageEffects":true,"showParticleSystems":true},"in2DMode":false,"pivot":{"x":6.290491580963135,"y":-1.0681251287460328,"z":-4.136391639709473},"rotation":{"x":-0.06353319436311722,"y":0.8617358803749085,"z":-0.4908936321735382,"w":-0.1115175113081932},"size":14.64979362487793,"orthographic":false}