{"cameraMode":{"drawMode":0,"name":"Shaded","section":"Shading Mode"},"sceneLighting":true,"audioPlay":false,"sceneViewState":{"showFog":true,"showMaterialUpdate":true,"showSkybox":true,"showFlares":true,"showImageEffects":true,"showParticleSystems":true},"in2DMode":false,"pivot":{"x":-0.8843364715576172,"y":0.7566690444946289,"z":-0.9580621719360352},"rotation":{"x":-0.06552264839410782,"y":0.8883148431777954,"z":-0.4343864917755127,"w":-0.13397864997386933},"size":18.063554763793947,"orthographic":false}