{"cameraMode":{"drawMode":0,"name":"Shaded","section":"Shading Mode"},"sceneLighting":true,"audioPlay":false,"sceneViewState":{"showFog":true,"showMaterialUpdate":true,"showSkybox":true,"showFlares":true,"showImageEffects":true,"showParticleSystems":true},"in2DMode":false,"pivot":{"x":0.00008741467172512785,"y":7.443743705749512,"z":1.185563087463379},"rotation":{"x":0.6380972266197205,"y":0.10658670216798783,"z":-0.08976344764232636,"w":0.7572667002677918},"size":5.7881269454956059,"orthographic":false}