{"cameraMode":{"drawMode":0,"name":"Shaded","section":"Shading Mode"},"sceneLighting":true,"audioPlay":false,"sceneViewState":{"showFog":true,"showMaterialUpdate":true,"showSkybox":true,"showFlares":true,"showImageEffects":true,"showParticleSystems":true},"in2DMode":false,"pivot":{"x":-0.11021501570940018,"y":-11.928053855895996,"z":-0.2029355764389038},"rotation":{"x":0.7201557755470276,"y":0.003332622116431594,"z":-0.0034609539434313776,"w":0.6938608288764954},"size":20.88957977294922,"orthographic":false}