{"cameraMode":{"drawMode":0,"name":"Shaded","section":"Shading Mode"},"sceneLighting":true,"audioPlay":false,"sceneViewState":{"showFog":true,"showMaterialUpdate":true,"showSkybox":true,"showFlares":true,"showImageEffects":true,"showParticleSystems":true},"in2DMode":false,"pivot":{"x":0.43486547470092776,"y":13.614242553710938,"z":-4.29663610458374},"rotation":{"x":0.5807556509971619,"y":0.1878315657377243,"z":-0.13991793990135194,"w":0.7797063589096069},"size":11.273507118225098,"orthographic":false}