{"cameraMode":{"drawMode":0,"name":"Shaded","section":"Shading Mode"},"sceneLighting":true,"audioPlay":false,"sceneViewState":{"showFog":true,"showMaterialUpdate":false,"showSkybox":true,"showFlares":true,"showImageEffects":true,"showParticleSystems":true},"in2DMode":false,"pivot":{"x":7.964369773864746,"y":3.9859554767608644,"z":-2.082582473754883},"rotation":{"x":0.33967718482017519,"y":-0.21727998554706574,"z":0.08097165077924729,"w":0.9115203022956848},"size":8.619316101074219,"orthographic":false}