{"cameraMode":{"drawMode":0,"name":"Shaded","section":"Shading Mode"},"sceneLighting":true,"audioPlay":false,"sceneViewState":{"showFog":true,"showMaterialUpdate":false,"showSkybox":true,"showFlares":true,"showImageEffects":true,"showParticleSystems":true},"in2DMode":false,"pivot":{"x":0.16448771953582765,"y":-2.813427686691284,"z":-0.016799449920654298},"rotation":{"x":0.4879201650619507,"y":-0.003931404557079077,"z":0.0021989946253597738,"w":0.8728813529014587},"size":21.070537567138673,"orthographic":false}